{"licenses":[{"name":"","id":0,"url":""}],"info":{"contributor":"","date_created":"","description":"","url":"","version":"","year":""},"categories":[{"id":1,"name":"truck","supercategory":""},{"id":2,"name":"person","supercategory":""},{"id":3,"name":"motorcycle","supercategory":""},{"id":4,"name":"motorcycle rider","supercategory":""},{"id":5,"name":"car","supercategory":""},{"id":6,"name":"bus","supercategory":""},{"id":7,"name":"bicycle rider","supercategory":""},{"id":8,"name":"bicycle","supercategory":""}],"images":[{"id":1,"width":640,"height":480,"file_name":"RGB_00009.jpg","license":0,"flickr_url":"","coco_url":"","date_captured":0},{"id":2,"width":640,"height":480,"file_name":"RGB_00055.jpg","license":0,"flickr_url":"","coco_url":"","date_captured":0},{"id":3,"width":640,"height":480,"file_name":"RGB_00060.jpg","license":0,"flickr_url":"","coco_url":"","date_captured":0},{"id":4,"width":640,"height":480,"file_name":"RGB_00105.jpg","license":0,"flickr_url":"","coco_url":"","date_captured":0},{"id":5,"width":640,"height":480,"file_name":"RGB_00131.jpg","license":0,"flickr_url":"","coco_url":"","date_captured":0},{"id":6,"width":640,"height":480,"file_name":"RGB_00215.jpg","license":0,"flickr_url":"","coco_url":"","date_captured":0},{"id":7,"width":640,"height":480,"file_name":"RGB_00274.jpg","license":0,"flickr_url":"","coco_url":"","date_captured":0},{"id":8,"width":640,"height":480,"file_name":"RGB_00296.jpg","license":0,"flickr_url":"","coco_url":"","date_captured":0},{"id":9,"width":640,"height":480,"file_name":"RGB_00319.jpg","license":0,"flickr_url":"","coco_url":"","date_captured":0},{"id":10,"width":640,"height":480,"file_name":"RGB_00380.jpg","license":0,"flickr_url":"","coco_url":"","date_captured":0},{"id":11,"width":624,"height":492,"file_name":"Thermal_00000.jpg","license":0,"flickr_url":"","coco_url":"","date_captured":0},{"id":12,"width":624,"height":492,"file_name":"Thermal_00010.jpg","license":0,"flickr_url":"","coco_url":"","date_captured":0},{"id":13,"width":624,"height":492,"file_name":"Thermal_00015.jpg","license":0,"flickr_url":"","coco_url":"","date_captured":0},{"id":14,"width":624,"height":492,"file_name":"Thermal_00050.jpg","license":0,"flickr_url":"","coco_url":"","date_captured":0},{"id":15,"width":624,"height":492,"file_name":"Thermal_00060.jpg","license":0,"flickr_url":"","coco_url":"","date_captured":0},{"id":16,"width":624,"height":492,"file_name":"Thermal_00365.jpg","license":0,"flickr_url":"","coco_url":"","date_captured":0},{"id":17,"width":624,"height":492,"file_name":"Thermal_00485.jpg","license":0,"flickr_url":"","coco_url":"","date_captured":0},{"id":18,"width":624,"height":492,"file_name":"Thermal_00720.jpg","license":0,"flickr_url":"","coco_url":"","date_captured":0},{"id":19,"width":624,"height":492,"file_name":"Thermal_00735.jpg","license":0,"flickr_url":"","coco_url":"","date_captured":0},{"id":20,"width":624,"height":492,"file_name":"Thermal_00840.jpg","license":0,"flickr_url":"","coco_url":"","date_captured":0},{"id":21,"width":624,"height":492,"file_name":"Thermal_00865.jpg","license":0,"flickr_url":"","coco_url":"","date_captured":0},{"id":22,"width":624,"height":492,"file_name":"Thermal_00875.jpg","license":0,"flickr_url":"","coco_url":"","date_captured":0},{"id":23,"width":624,"height":492,"file_name":"Thermal_00885.jpg","license":0,"flickr_url":"","coco_url":"","date_captured":0},{"id":24,"width":624,"height":492,"file_name":"Thermal_00895.jpg","license":0,"flickr_url":"","coco_url":"","date_captured":0},{"id":25,"width":624,"height":492,"file_name":"Thermal_01080.jpg","license":0,"flickr_url":"","coco_url":"","date_captured":0},{"id":26,"width":624,"height":492,"file_name":"Thermal_01085.jpg","license":0,"flickr_url":"","coco_url":"","date_captured":0},{"id":27,"width":624,"height":492,"file_name":"Thermal_01105.jpg","license":0,"flickr_url":"","coco_url":"","date_captured":0},{"id":28,"width":624,"height":492,"file_name":"Thermal_01120.jpg","license":0,"flickr_url":"","coco_url":"","date_captured":0},{"id":29,"width":624,"height":492,"file_name":"Thermal_01135.jpg","license":0,"flickr_url":"","coco_url":"","date_captured":0},{"id":30,"width":624,"height":492,"file_name":"Thermal_01150.jpg","license":0,"flickr_url":"","coco_url":"","date_captured":0},{"id":31,"width":624,"height":492,"file_name":"Thermal_01160.jpg","license":0,"flickr_url":"","coco_url":"","date_captured":0},{"id":32,"width":624,"height":492,"file_name":"Thermal_01180.jpg","license":0,"flickr_url":"","coco_url":"","date_captured":0},{"id":33,"width":624,"height":492,"file_name":"Thermal_01190.jpg","license":0,"flickr_url":"","coco_url":"","date_captured":0},{"id":34,"width":624,"height":492,"file_name":"Thermal_01200.jpg","license":0,"flickr_url":"","coco_url":"","date_captured":0},{"id":35,"width":624,"height":492,"file_name":"Thermal_01245.jpg","license":0,"flickr_url":"","coco_url":"","date_captured":0},{"id":36,"width":624,"height":492,"file_name":"Thermal_01250.jpg","license":0,"flickr_url":"","coco_url":"","date_captured":0},{"id":37,"width":624,"height":492,"file_name":"Thermal_01260.jpg","license":0,"flickr_url":"","coco_url":"","date_captured":0},{"id":38,"width":624,"height":492,"file_name":"Thermal_01275.jpg","license":0,"flickr_url":"","coco_url":"","date_captured":0},{"id":39,"width":624,"height":492,"file_name":"Thermal_01290.jpg","license":0,"flickr_url":"","coco_url":"","date_captured":0},{"id":40,"width":624,"height":492,"file_name":"Thermal_01300.jpg","license":0,"flickr_url":"","coco_url":"","date_captured":0},{"id":41,"width":624,"height":492,"file_name":"Thermal_01315.jpg","license":0,"flickr_url":"","coco_url":"","date_captured":0},{"id":42,"width":624,"height":492,"file_name":"Thermal_01330.jpg","license":0,"flickr_url":"","coco_url":"","date_captured":0},{"id":43,"width":624,"height":492,"file_name":"Thermal_01345.jpg","license":0,"flickr_url":"","coco_url":"","date_captured":0},{"id":44,"width":624,"height":492,"file_name":"Thermal_01350.jpg","license":0,"flickr_url":"","coco_url":"","date_captured":0},{"id":45,"width":624,"height":492,"file_name":"Thermal_01370.jpg","license":0,"flickr_url":"","coco_url":"","date_captured":0},{"id":46,"width":624,"height":492,"file_name":"Thermal_01380.jpg","license":0,"flickr_url":"","coco_url":"","date_captured":0},{"id":47,"width":624,"height":492,"file_name":"Thermal_01400.jpg","license":0,"flickr_url":"","coco_url":"","date_captured":0},{"id":48,"width":624,"height":492,"file_name":"Thermal_01415.jpg","license":0,"flickr_url":"","coco_url":"","date_captured":0},{"id":49,"width":624,"height":492,"file_name":"Thermal_01440.jpg","license":0,"flickr_url":"","coco_url":"","date_captured":0},{"id":50,"width":624,"height":492,"file_name":"Thermal_01450.jpg","license":0,"flickr_url":"","coco_url":"","date_captured":0}],"annotations":[{"id":1,"image_id":1,"category_id":2,"segmentation":[[484.5,261.4,477.3,237.0,468.7,238.8,462.0,268.72,473.0,276.0,477.9,301.7]],"area":734.0,"bbox":[462.0,237.0,22.5,64.7],"iscrowd":0,"attributes":{"occluded":false}},{"id":2,"image_id":1,"category_id":2,"segmentation":[[489.48,238.85,501.7,241.9,510.2,275.5,504.1,300.5,494.4,299.9,490.09,274.89]],"area":927.0,"bbox":[489.48,238.85,20.72,61.65],"iscrowd":0,"attributes":{"occluded":false}},{"id":3,"image_id":2,"category_id":2,"segmentation":[[226.3,268.2,215.9,263.3,189.02,311.53,224.44,417.18,255.59,418.4,246.43,306.64]],"area":6331.0,"bbox":[189.02,263.3,66.57,155.1],"iscrowd":0,"attributes":{"occluded":false}},{"id":4,"image_id":3,"category_id":2,"segmentation":[[404.6,269.4,388.1,274.9,366.7,345.7,389.94,410.46,421.69,401.91,422.9,320.1]],"area":5589.0,"bbox":[366.7,269.4,56.2,141.06],"iscrowd":0,"attributes":{"occluded":false}},{"id":5,"image_id":4,"category_id":2,"segmentation":[[115.74,263.89,97.42,316.41,101.08,364.05,121.24,430.0,156.0,350.0,132.2,263.9]],"area":5841.0,"bbox":[97.42,263.89,58.58,166.11],"iscrowd":0,"attributes":{"occluded":false}},{"id":6,"image_id":5,"category_id":2,"segmentation":[[182.3,258.4,171.31,309.69,189.63,356.72,206.73,353.05,208.56,299.92,194.52,252.9]],"area":2642.0,"bbox":[171.31,252.9,37.25,103.82],"iscrowd":0,"attributes":{"occluded":false}},{"id":7,"image_id":6,"category_id":2,"segmentation":[[559.1,231.53,544.44,304.81,552.99,354.27,571.92,358.55,581.08,291.98,570.09,231.53]],"area":3177.0,"bbox":[544.44,231.53,36.64,127.02],"iscrowd":0,"attributes":{"occluded":false}},{"id":8,"image_id":7,"category_id":2,"segmentation":[[142.6,287.1,123.07,339.62,171.31,342.06,174.37,293.82,160.32,252.9,145.7,258.4]],"area":2879.0,"bbox":[123.07,252.9,51.3,89.16],"iscrowd":0,"attributes":{"occluded":false}},{"id":9,"image_id":8,"category_id":2,"segmentation":[[177.42,249.85,178.64,332.29,206.12,346.34,214.67,326.79,205.51,290.76,188.4,248.6]],"area":2384.0,"bbox":[177.42,248.6,37.25,97.74],"iscrowd":0,"attributes":{"occluded":false}},{"id":10,"image_id":9,"category_id":2,"segmentation":[[333.76,249.24,317.27,288.93,319.1,327.4,339.86,326.18,343.53,290.15,341.08,255.95]],"area":1523.0,"bbox":[317.27,249.24,26.26,78.16],"iscrowd":0,"attributes":{"occluded":false}},{"id":11,"image_id":10,"category_id":2,"segmentation":[[518.8,256.0,508.4,252.3,495.0,287.7,509.63,385.42,542.61,381.76,531.6,280.4]],"area":4239.0,"bbox":[495.0,252.3,47.61,133.12],"iscrowd":0,"attributes":{"occluded":false}},{"id":12,"image_id":18,"category_id":2,"segmentation":[[467.57,252.99,465.07,272.4,465.07,298.06,478.21,295.56,478.84,272.4,476.33,251.12]],"area":559.0,"bbox":[465.07,251.12,13.77,46.94],"iscrowd":0,"attributes":{"occluded":false}},{"id":13,"image_id":19,"category_id":2,"segmentation":[[455.68,244.23,456.3,262.38,462.56,296.19,471.33,299.32,469.45,259.88,465.07,239.85]],"area":622.0,"bbox":[455.68,239.85,15.65,59.47],"iscrowd":0,"attributes":{"occluded":false}}]}